Title,Date
"Extraction","4/26/20"
"Charmed: Season 7: Charmed Noir","4/26/20"
"Charmed: Season 7: Someone to Witch Over Me","4/25/20"
"Charmed: Season 7: Once in a Blue Moon","4/25/20"
"Charmed: Season 7: Styx Feet Under","4/25/20"
"Charmed: Season 7: Charrrmed!","4/24/20"
"Charmed: Season 7: Cheaper by the Coven","4/24/20"
"Charmed: Season 7: The Bare Witch Project","4/24/20"
"Charmed: Season 7: A Call to Arms","4/24/20"
"Charmed: Season 6: It's a Bad, Bad, Bad, Bad World: Parts 1 & 2","4/23/20"
"Charmed: Season 6: Witch Wars","4/23/20"
"Charmed: Season 6: A Wrong Day's Journey into Right","4/23/20"
"Charmed: Season 6: Crimes & Witch Demeanors","4/23/20"
"Charmed: Season 6: Spin City","4/23/20"
"Charmed: Season 6: Hyde School Reunion","4/23/20"
"Charmed: Season 6: The Courtship of Wyatt's Father","4/23/20"
"Charmed: Season 6: I Dream of Phoebe","4/22/20"
"The Green Hornet","4/22/20"
"Charmed: Season 6: The Legend of Sleepy Halliwell","4/22/20"
"Charmed: Season 6: Used Karma","4/21/20"
"Charmed: Season 6: Prince Charmed","4/21/20"
"Charmed: Season 6: Witchstock","4/21/20"
"Charmed: Season 6: Chris-Crossed","4/21/20"
"Charmed: Season 6: Little Monsters","4/20/20"
"Charmed: Season 6: Sword and the City","4/20/20"
"Charmed: Season 6: Soul Survivor","4/20/20"
"Charmed: Season 6: My Three Witches","4/20/20"
"Charmed: Season 6: Love's a Witch","4/20/20"
"Charmed: Season 6: The Power of Three Blondes","4/20/20"
"Charmed: Season 6: Forget Me...Not","4/19/20"
"Charmed: Season 6: Valhalley of the Dolls: Parts 1 & 2","4/19/20"
"Charmed: Season 5: Oh My Goddess: Parts 1 & 2","4/19/20"
"Waco: Limited Series: Day 51","4/19/20"
"Waco: Limited Series: Stalling for Time","4/19/20"
"Waco: Limited Series: Of Milk and Men","4/19/20"
"Waco: Limited Series: Operation Showtime","4/19/20"
"Waco: Limited Series: The Strangers Across the Street","4/19/20"
"Waco: Limited Series: Visions and Omens","4/19/20"
"Too Hot to Handle: Season 1: Love, Sex or Money","4/19/20"
"Charmed: Season 5: Necromancing the Stone","4/18/20"
"Despicable Me","4/18/20"
"Salt","4/18/20"
"Charmed: Season 5: Sense & Sense Ability","4/18/20"
"Charmed: Season 5: Nymphs Just Wanna Have Fun","4/18/20"
"Charmed: Season 5: Cat House","4/18/20"
"Charmed: Season 5: Lucky Charmed","4/17/20"
"Charmed: Season 5: Baby's First Demon","4/17/20"
"Charmed: Season 5: The Day the Magic Died","4/17/20"
"Charmed: Season 5: Sand Francisco Dreamin'","4/17/20"
"Charmed: Season 5: House Call","4/16/20"
"Charmed: Season 5: Centennial Charmed","4/16/20"
"Charmed: Season 5: The Importance of Being Phoebe","4/16/20"
"Charmed: Season 5: Y Tu Mummy Tambien","4/16/20"
"Charmed: Season 5: Sam I Am","4/16/20"
"Charmed: Season 5: A Witch in Time","4/16/20"
"Charmed: Season 5: Sympathy for the Demon","4/14/20"
"Charmed: Season 5: The Eyes Have It","4/14/20"
"Charmed: Season 5: Witches in Tights","4/13/20"
"Charmed: Season 5: Siren Song","4/12/20"
"Charmed: Season 5: Happily Ever After","4/12/20"
"Charmed: Season 5: A Witch's Tail: Parts 1 & 2","4/12/20"
"National Treasure","4/12/20"
"Love Wedding Repeat","4/12/20"
"Charmed: Season 4: Witch Way Now?","4/12/20"
"Charmed: Season 4: Womb Raider","4/11/20"
"The Last Airbender","4/11/20"
"Charmed: Season 4: Long Live the Queen","4/10/20"
"Charmed: Season 4: We're Off to See the Wizard","4/10/20"
"Charmed: Season 4: Bite Me","4/10/20"
"Charmed: Season 4: Saving Private Leo","4/10/20"
"Charmed: Season 4: The Fifth Halliwheel","4/10/20"
"Charmed: Season 4: Marry-Go-Round","4/9/20"
"Charmed: Season 4: The Three Faces of Phoebe","4/9/20"
"Charmed: Season 4: Charmed and Dangerous","4/9/20"
"Charmed: Season 4: Lost and Bound","4/9/20"
"Charmed: Season 4: Trial by Magic","4/7/20"
"Charmed: Season 4: A Paige from the Past","4/6/20"
"Money Heist: Part 1: Episode 2","4/5/20"
"Charmed: Season 4: Muse to My Ears","4/5/20"
"Angel Has Fallen","4/5/20"
"Charmed: Season 4: Black as Cole","4/5/20"
"The Shawshank Redemption","4/4/20"
"Charmed: Season 4: Brain Drain","4/4/20"
"Charmed: Season 4: A Knight to Remember","4/4/20"
"Charmed: Season 4: Size Matters","4/3/20"
"Charmed: Season 4: Enter the Demon","4/3/20"
"Charmed: Season 4: Hell Hath No Fury","4/3/20"
"Charmed: Season 4: Charmed Again: Parts 1 & 2","4/3/20"
"Charmed: Season 3: All Hell Breaks Loose","4/3/20"
"Charmed: Season 3: Look Who's Barking","4/2/20"
"Charmed: Season 3: Exit Strategy","4/2/20"
"Charmed: Season 3: The Demon Who Came in from the Cold","4/2/20"
"Charmed: Season 3: Sin Francisco","4/2/20"
"Charmed: Season 3: Pre-Witched","4/1/20"
"Charmed: Season 3: Death Takes a Halliwell","4/1/20"
"Charmed: Season 3: Just Harried","4/1/20"
"Charmed: Season 3: The Good, the Bad & the Cursed","4/1/20"
"Charmed: Season 3: Bride and Gloom","4/1/20"
"Charmed: Season 3: Wrestling with Demons","3/31/20"
"Charmed: Season 3: Blinded by the Whitelighter","3/31/20"
"Charmed: Season 3: We All Scream for Ice Cream","3/31/20"
"Charmed: Season 3: Coyote Piper","3/30/20"
"Charmed: Season 3: Sleuthing with the Enemy","3/30/20"
"Monster-in-Law","3/29/20"
"Tiger King: Murder, Mayhem and Madness: Limited Series: The Secret","3/29/20"
"Tiger King: Murder, Mayhem and Madness: Limited Series: Cult of Personality","3/29/20"
"Snowpiercer","3/29/20"
"The Letter for the King: Season 1: Storm Clouds Gather","3/29/20"
"Charmed: Season 3: Power Outage","3/26/20"
"Charmed: Season 3: Primrose Empath","3/26/20"
"Charmed: Season 3: Sight Unseen","3/26/20"
"Charmed: Season 3: All Halliwell's Eve","3/26/20"
"Charmed: Season 3: Once Upon a Time","3/26/20"
"Tiger King: Murder, Mayhem and Madness: Limited Series: Not Your Average Joe","3/26/20"
"Avengers: Infinity War","3/24/20"
"Lemony Snicket's A Series of Unfortunate Events","3/22/20"
"Altered Carbon: Resleeved","3/21/20"
"The Interview","3/21/20"
"All American: Season 2: Stakes is High","3/20/20"
"All American: Season 2: Who Shot Ya","3/20/20"
"All American: Season 2: The Art of Peer Pressure","3/20/20"
"All American: Season 2: Only Time Will Tell","3/20/20"
"All American: Season 2: Crossroads","3/20/20"
"All American: Season 2: Protect Ya Neck","3/20/20"
"All American: Season 2: One of Them Nights","3/20/20"
"Containment: Season 1: I to Die, You to Live","3/20/20"
"Containment: Season 1: Pilot","3/20/20"
"Go Karts","3/19/20"
"Lost Girls","3/19/20"
"Spenser Confidential","3/18/20"
"Outbreak","3/18/20"
"Richie Rich","3/18/20"
"On My Block: Season 3: Chapter Twenty-Eight","3/18/20"
"On My Block: Season 3: Chapter Twenty-Seven","3/18/20"
"All American: Season 2: Life Goes On","3/18/20"
"All American: Season 2: Coming Home","3/18/20"
"All American: Season 2: Hard Knock Life","3/18/20"
"All American: Season 2: Bring the Pain","3/18/20"
"All American: Season 2: They Reminisce Over You","3/17/20"
"All American: Season 2: Never No More","3/17/20"
"All American: Season 2: Speak Ya Clout","3/17/20"
"All American: Season 2: Hustle & Motivate","3/17/20"
"Trailer: The King","3/17/20"
"Ghosts of Girlfriends Past","3/16/20"
"The Outsider","3/16/20"
"Resident Evil: Apocalypse","3/16/20"
"On My Block: Season 3: Chapter Twenty-Six","3/15/20"
"On My Block: Season 3: Chapter Twenty-Five","3/15/20"
"Altered Carbon: Season 2: I Wake Up Screaming","3/14/20"
"Altered Carbon: Season 2: Shadow of a Doubt","3/14/20"
"On My Block: Season 3: Chapter Twenty-Four","3/13/20"
"On My Block: Season 3: Chapter Twenty-Three","3/13/20"
"Altered Carbon: Season 2: Payment Deferred","3/12/20"
"On My Block: Season 3: Chapter Twenty-Two","3/11/20"
"On My Block: Season 3: Chapter Twenty-One","3/11/20"
"Space Jam","3/10/20"
"He's Just Not That Into You","3/9/20"
"Life as We Know It","3/9/20"
"Altered Carbon: Season 2: Phantom Lady","3/9/20"
"Altered Carbon: Season 1: The Killers","3/9/20"
"Altered Carbon: Season 1: Rage in Heaven","3/9/20"
"On My Block: Season 2: Chapter Twenty","3/8/20"
"On My Block: Season 2: Chapter Nineteen","3/8/20"
"On My Block: Season 2: Chapter Eighteen","3/8/20"
"On My Block: Season 2: Chapter Seventeen","3/8/20"
"On My Block: Season 2: Chapter Sixteen","3/7/20"
"Altered Carbon: Season 1: The Wrong Man","3/7/20"
"Locke & Key: Season 1: Crown of Shadows","3/7/20"
"Locke & Key: Season 1: Echoes","3/7/20"
"Locke & Key: Season 1: Ray of F**king Sunshine","3/7/20"
"On My Block: Season 2: Chapter Fifteen","3/6/20"
"On My Block: Season 2: Chapter Fourteen","3/6/20"
"All The Bright Places","3/6/20"
"Altered Carbon: Season 1: Force of Evil","3/6/20"
"Altered Carbon: Season 1: In a Lonely Place","3/6/20"
"Altered Carbon: Season 1: Fallen Angel","3/6/20"
"Altered Carbon: Season 1: Out of the Past","3/6/20"
"On My Block: Season 2: Chapter Thirteen","3/5/20"
"Locke & Key: Season 1: Dissection","3/5/20"
"On My Block: Season 2: Chapter Twelve","3/5/20"
"Locke & Key: Season 1: The Black Door","3/5/20"
"Locke & Key: Season 1: Family Tree","3/5/20"
"Locke & Key: Season 1: The Keepers of the Keys","3/5/20"
"Locke & Key: Season 1: Head Games","3/5/20"
"On My Block: Season 2: Chapter Eleven","3/5/20"
"On My Block: Season 1: Chapter Ten","3/5/20"
"On My Block: Season 1: Chapter Nine","3/5/20"
"On My Block: Season 1: Chapter Eight","3/5/20"
"On My Block: Season 1: Chapter Seven","3/5/20"
"Locke & Key: Season 1: Trapper / Keeper","3/4/20"
"Locke & Key: Season 1: Welcome to Matheson","3/4/20"
"Pokémon: Mewtwo Strikes Back - Evolution","3/4/20"
"On My Block: Season 1: Chapter Six","3/3/20"
"On My Block: Season 1: Chapter Five","3/3/20"
"On My Block: Season 1: Chapter Four","3/3/20"
"On My Block: Season 1: Chapter Three","3/3/20"
"On My Block: Season 1: Chapter Two","3/3/20"
"On My Block: Season 1: Chapter One","3/3/20"
"Kung Fu Panda 2","3/3/20"
"Grey's Anatomy: Season 15: Jump into the Fog","3/2/20"
"Grey's Anatomy: Season 15: Drawn to the Blood","3/2/20"
"Grey's Anatomy: Season 15: Head Over High Heels","3/2/20"
"Grey's Anatomy: Season 15: Good Shepherd","3/2/20"
"Grey's Anatomy: Season 15: The Whole Package","3/2/20"
"The Trials of Gabriel Fernandez: Limited Series: Gabriel's Voice","3/2/20"
"The Trials of Gabriel Fernandez: Limited Series: Improper Regard or Indifference","3/2/20"
"The Trials of Gabriel Fernandez: Limited Series: Death Has Got Him by the Hand","3/2/20"
"Grey's Anatomy: Season 15: Silent All These Years","3/2/20"
"Takers","3/1/20"
"The Trials of Gabriel Fernandez: Limited Series: Failure at All Levels","3/1/20"
"The Trials of Gabriel Fernandez: Limited Series: Evil in This Courtroom","3/1/20"
"The Trials of Gabriel Fernandez: Limited Series: A Shock to the System","3/1/20"
"The Disappearance of Madeleine McCann: Season 1: The Beneath Truth","3/1/20"
"Better Call Saul: Season 1: Uno","2/29/20"
"Grey's Anatomy: Season 15: Add It Up","2/29/20"
"Altered Carbon: Season 2: Experiment Perilous","2/29/20"
"Altered Carbon: Season 2: Bury Me Dead","2/29/20"
"Grey's Anatomy: Season 15: And Dream of Sheep","2/28/20"
"Altered Carbon: Season 2: Nightmare Alley","2/27/20"
"Ali","2/27/20"
"Grey's Anatomy: Season 15: Blood and Water","2/27/20"
"Grey's Anatomy: Season 15: We Didn't Start the Fire","2/27/20"
"Grey's Anatomy: Season 15: I Want a New Drug","2/27/20"
"Grey's Anatomy: Season 15: I Walk the Line","2/27/20"
"Grey's Anatomy: Season 15: Girlfriend in a Coma","2/27/20"
"Grey's Anatomy: Season 15: The Winner Takes It All","2/27/20"
"Grey's Anatomy: Season 15: Help, I'm Alive","2/27/20"
"Grey's Anatomy: Season 15: Shelter from the Storm","2/27/20"
"Grey's Anatomy: Season 15: Blowin' in the Wind","2/27/20"
"Fronteras","2/26/20"
"Grey's Anatomy: Season 15: Anybody Have a Map?","2/25/20"
"Grey's Anatomy: Season 15: Flowers Grow Out of My Grave","2/25/20"
"A Haunted House","2/25/20"
"Grey's Anatomy: Season 15: Everyday Angel","2/25/20"
"Grey's Anatomy: Season 15: Momma Knows Best","2/25/20"
"Grey's Anatomy: Season 15: Gut Feeling","2/25/20"
"Hancock","2/25/20"
"Grey's Anatomy: Season 15: Broken Together","2/24/20"
"Grey's Anatomy: Season 15: With a Wonder and a Wild Desire","2/24/20"
"Gilmore Girls: A Year in the Life: Limited Series: Fall","2/23/20"
"Narcos: Mexico: Season 2: Free Trade","2/23/20"
"Narcos: Mexico: Season 2: Growth, Prosperity, and Liberation","2/23/20"
"The Dark Knight","2/22/20"
"Narcos: Mexico: Season 2: Se Cayó El Sistema","2/22/20"
"Night on Earth: Limited Series: Frozen Nights","2/21/20"
"The Last Thing He Wanted","2/21/20"
"Batman Begins","2/20/20"
"I AM A KILLER: Season 2: In Her Hands","2/20/20"
"New Girl: Season 7: Engram Pattersky","2/20/20"
"New Girl: Season 7: The Curse of the Pirate Bride","2/20/20"
"New Girl: Season 7: Mario","2/20/20"
"New Girl: Season 7: Godparents","2/20/20"
"New Girl: Season 7: Where the Road Goes","2/20/20"
"New Girl: Season 7: Lillypads","2/19/20"
"New Girl: Season 7: Tuesday Meeting","2/19/20"
"New Girl: Season 7: About Three Years Later","2/19/20"
"New Girl: Season 6: Five Stars for Beezus","2/19/20"
"New Girl: Season 6: San Diego","2/19/20"
"New Girl: Season 6: Misery","2/18/20"
"New Girl: Season 6: Socalyalcon VI","2/18/20"
"New Girl: Season 6: Young Adult","2/18/20"
"Narcos: Mexico: Season 2: Truth and Reconciliation","2/18/20"
"New Girl: Season 6: Rumspringa","2/18/20"
"New Girl: Season 6: Operation: Bobcat","2/18/20"
"New Girl: Season 6: Glue","2/18/20"
"New Girl: Season 6: The Hike","2/18/20"
"New Girl: Season 6: Cece's Boys","2/18/20"
"New Girl: Season 6: The Cubicle","2/18/20"
"New Girl: Season 6: Raisin's Back","2/18/20"
"New Girl: Season 6: Christmas Eve Eve","2/17/20"
"New Girl: Season 6: Es Good","2/17/20"
"New Girl: Season 6: James Wonder","2/17/20"
"New Girl: Season 6: Last Thanksgiving","2/17/20"
"Narcos: Mexico: Season 2: El Dedazo","2/17/20"
"New Girl: Season 6: Ready","2/17/20"
"Narcos: Mexico: Season 2: AFO","2/17/20"
"New Girl: Season 6: Jaipur Aviv","2/17/20"
"New Girl: Season 6: Homecoming","2/17/20"
"Narcos: Season 3: The Kingpin Strategy","2/17/20"
"A Bad Moms Christmas","2/17/20"
"Narcos: Mexico: Season 2: The Big Dig","2/17/20"
"Narcos: Mexico: Season 2: Ruben Zuno Arce","2/17/20"
"The Karate Kid","2/16/20"
"New Girl: Season 6: Single and Sufficient","2/16/20"
"New Girl: Season 6: Hubbedy Bubby","2/16/20"
"New Girl: Season 6: House Hunt","2/16/20"
"New Girl: Season 5: Landing Gear","2/16/20"
"New Girl: Season 5: Wedding Eve","2/16/20"
"New Girl: Season 5: Return to Sender","2/16/20"
"New Girl: Season 5: Dress","2/16/20"
"New Girl: Season 5: A Chill Day In","2/16/20"
"New Girl: Season 5: Road Trip","2/15/20"
"New Girl: Season 5: Helmet","2/15/20"
"New Girl: Season 5: Jeff Day","2/15/20"
"Seal Team Six: The Raid on Osama Bin Laden","2/15/20"
"American Assassin","2/15/20"
"New Girl: Season 5: 300 Feet","2/15/20"
"Tarzan","2/15/20"
"Chicken Little","2/15/20"
"New Girl: Season 5: Sam, Again","2/14/20"
"New Girl: Season 5: D-Day","2/14/20"
"New Girl: Season 5: The Apartment","2/14/20"
"New Girl: Season 5: Goosebumps Walkaway","2/14/20"
"New Girl: Season 5: Heat Wave","2/13/20"
"New Girl: Season 5: The Decision","2/13/20"
"New Girl: Season 5: Wig","2/13/20"
"New Girl: Season 5: Reagan","2/13/20"
"New Girl: Season 5: Bob & Carol & Nick & Schmidt","2/13/20"
"New Girl: Season 5: No Girl","2/13/20"
"New Girl: Season 5: Jury Duty","2/13/20"
"New Girl: Season 5: What About Fred","2/13/20"
"New Girl: Season 5: Big Mama P","2/13/20"
"New Girl: Season 4: Clean Break","2/13/20"
"New Girl: Season 4: Panty Gate","2/13/20"
"New Girl: Season 4: Par 5","2/13/20"
"New Girl: Season 4: The Right Thing","2/13/20"
"New Girl: Season 4: Walk of Shame","2/13/20"
"New Girl: Season 4: Spiderhunt","2/12/20"
"New Girl: Season 4: Oregon","2/12/20"
"New Girl: Season 4: The Crawl","2/11/20"
"New Girl: Season 4: Swuit","2/11/20"
"New Girl: Season 4: Coming Out","2/11/20"
"New Girl: Season 4: Shark","2/11/20"
"New Girl: Season 4: LAXmas","2/11/20"
"New Girl: Season 4: Girl Fight","2/11/20"
"New Girl: Season 4: Thanksgiving IV","2/11/20"
"New Girl: Season 4: Teachers","2/11/20"
"New Girl: Season 4: Goldmine","2/11/20"
"New Girl: Season 4: Background Check","2/11/20"
"New Girl: Season 4: Landline","2/10/20"
"New Girl: Season 4: Micro","2/10/20"
"New Girl: Season 4: Julie Berkman's Older Sister","2/10/20"
"New Girl: Season 4: Dice","2/10/20"
"New Girl: Season 4: The Last Wedding","2/10/20"
"New Girl: Season 3: Cruise","2/10/20"
"New Girl: Season 3: Dance","2/10/20"
"New Girl: Season 3: Big News","2/10/20"
"New Girl: Season 3: Mars Landing","2/10/20"
"New Girl: Season 3: Fired Up","2/10/20"
"New Girl: Season 3: Sister III","2/10/20"
"New Girl: Season 3: Sister II","2/10/20"
"New Girl: Season 3: Sister","2/9/20"
"New Girl: Season 3: Exes","2/9/20"
"New Girl: Season 3: Prince","2/9/20"
"New Girl: Season 3: Birthday","2/9/20"
"New Girl: Season 3: Basketsball","2/9/20"
"New Girl: Season 3: Clavado En Un Bar","2/9/20"
"New Girl: Season 3: Thanksgiving III","2/9/20"
"New Girl: Season 3: Longest Night Ever","2/9/20"
"New Girl: Season 3: Menus","2/9/20"
"New Girl: Season 3: Coach","2/9/20"
"New Girl: Season 3: Keaton","2/8/20"
"New Girl: Season 3: The Box","2/8/20"
"New Girl: Season 3: The Captain","2/8/20"
"New Girl: Season 3: Double Date","2/8/20"
"New Girl: Season 3: Nerd","2/8/20"
"New Girl: Season 3: All In","2/7/20"
"New Girl: Season 2: Elaine's Big Day","2/7/20"
"New Girl: Season 2: Winston's Birthday","2/6/20"
"New Girl: Season 2: Virgins","2/6/20"
"New Girl: Season 2: Bachelorette Party","2/6/20"
"New Girl: Season 2: First Date","2/6/20"
"New Girl: Season 2: Chicago","2/6/20"
"New Girl: Season 2: Quick Hardening Caulk","2/6/20"
"New Girl: Season 2: Tinfinity","2/6/20"
"New Girl: Season 2: Parking Spot","2/6/20"
"New Girl: Season 2: Table 34","2/6/20"
"New Girl: Season 2: Cooler","2/5/20"
"New Girl: Season 2: Pepperwood","2/5/20"
"New Girl: Season 2: A Father's Love","2/3/20"
"New Girl: Season 2: Cabin","2/3/20"
"New Girl: Season 2: Santa","2/3/20"
"New Girl: Season 2: Bathtub","2/3/20"
"New Girl: Season 2: Eggs","2/3/20"
"New Girl: Season 2: Parents","2/3/20"
"New Girl: Season 2: Menzies","2/3/20"
"New Girl: Season 2: Halloween","2/3/20"
"New Girl: Season 2: Models","2/3/20"
"New Girl: Season 2: Neighbors","2/3/20"
"New Girl: Season 2: Fluffer","2/2/20"
"New Girl: Season 2: Katie","2/1/20"
"New Girl: Season 2: Re-Launch","2/1/20"
"New Girl: Season 1: See Ya","2/1/20"
"New Girl: Season 1: Backslide","2/1/20"
"Night on Earth: Limited Series: Moonlit Plains","2/1/20"
"New Girl: Season 1: Tomatoes","2/1/20"
"Gilmore Girls: A Year in the Life: Limited Series: Summer","1/31/20"
"Gilmore Girls: A Year in the Life: Limited Series: Spring","1/31/20"
"New Girl: Season 1: Kids","1/30/20"
"New Girl: Season 1: Normal","1/30/20"
"New Girl: Season 1: Secrets","1/30/20"
"New Girl: Season 1: Fancyman, Part 2","1/30/20"
"New Girl: Season 1: Fancyman, Part 1","1/29/20"
"New Girl: Season 1: Control","1/29/20"
"New Girl: Season 1: Injured","1/28/20"
"New Girl: Season 1: Bully","1/28/20"
"New Girl: Season 1: Valentine's Day","1/28/20"
"New Girl: Season 1: The Landlord","1/28/20"
"New Girl: Season 1: Jess and Julia","1/28/20"
"New Girl: Season 1: The Story of the 50","1/27/20"
"New Girl: Season 1: The 23rd","1/27/20"
"New Girl: Season 1: Bad in Bed","1/25/20"
"New Girl: Season 1: Bells","1/25/20"
"New Girl: Season 1: Thanksgiving","1/24/20"
"New Girl: Season 1: Cece Crashes","1/24/20"
"New Girl: Season 1: Naked","1/24/20"
"New Girl: Season 1: Wedding","1/23/20"
"New Girl: Season 1: Kryptonite","1/23/20"
"New Girl: Season 1: Pilot","1/23/20"
"Paid in Full","1/23/20"
"You: Season 1: Maybe","1/22/20"
"Gilmore Girls: A Year in the Life: Limited Series: Winter","1/22/20"
"You: Season 1: The Last Nice Guy in New York","1/22/20"
"Gilmore Girls: Season 7: Bon Voyage","1/22/20"
"You: Season 1: Pilot","1/22/20"
"Gilmore Girls: Season 7: Unto the Breach","1/22/20"
"Gilmore Girls: Season 7: Lorelai? Lorelai?","1/22/20"
"Gilmore Girls: Season 7: It's Just Like Riding a Bike","1/21/20"
"Gilmore Girls: Season 7: Hay Bale Maze","1/21/20"
"Inside Man: Most Wanted","1/21/20"
"Gilmore Girls: Season 7: Gilmore Girls Only","1/21/20"
"Gilmore Girls: Season 7: Will You Be My Lorelai Gilmore?","1/21/20"
"Gilmore Girls: Season 7: I'm a Kayak, Hear Me Roar","1/21/20"
"Legend","1/20/20"
"Bolt","1/20/20"
"The Incredibles 2","1/20/20"
"The Croods","1/20/20"
"You: Season 2: Love, Actually","1/19/20"
"You: Season 2: P.I. Joe","1/19/20"
"Shelby American","1/19/20"
"A Fall from Grace","1/18/20"
"You: Season 2: Fear and Loathing in Beverly Hills","1/17/20"
"The Lord of the Rings: The Return of the King","1/17/20"
"Killer Inside: The Mind of Aaron Hernandez: Limited Series: Episode 3","1/16/20"
"Killer Inside: The Mind of Aaron Hernandez: Limited Series: Episode 2","1/16/20"
"Killer Inside: The Mind of Aaron Hernandez: Limited Series: Episode 1","1/16/20"
"The Secret Life of Pets 2","1/16/20"
"Spider-Man: Into the Spider-Verse","1/16/20"
"You: Season 2: Ex-istential Crisis","1/16/20"
"You: Season 2: Farewell, My Bunny","1/16/20"
"Inception","1/15/20"
"Money Heist: Part 1: Episode 1","1/15/20"
"You: Season 2: Have a Good Wellkend, Joe!","1/15/20"
"Step Brothers","1/13/20"
"Dracula: Season 1: The Rules of the Beast","1/13/20"
"Good Girls: Season 1: Borderline","1/12/20"
"Good Girls: Season 1: Mo Money Mo Problems","1/12/20"
"Good Girls: Season 1: Pilot","1/12/20"
"Nacho Libre","1/12/20"
"Gilmore Girls: Season 7: Farewell, My Pet","1/10/20"
"Gilmore Girls: Season 7: I'd Rather Be in Philadelphia","1/10/20"
"Gilmore Girls: Season 7: To Whom It May Concern","1/9/20"
"Gilmore Girls: Season 7: Santa's Secret Stuff","1/8/20"
"Gilmore Girls: Season 7: Merry Fisticuffs","1/8/20"
"Gilmore Girls: Season 7: Knit, People, Knit","1/8/20"
"Gilmore Girls: Season 7: Introducing Lorelai Planetarium","1/8/20"
"You: Season 2: The Good, the Bad, & the Hendy","1/7/20"
"You: Season 2: What Are Friends For?","1/7/20"
"You: Season 2: Just the Tip","1/7/20"
"Legend of the Guardians: The Owls of Ga'Hoole","1/7/20"
"MFKZ","1/6/20"
"Shot Caller","1/6/20"
"You: Season 2: A Fresh Start","1/6/20"
"Soundtrack: Season 1: Track 1: Nellie and Sam","1/6/20"
"You: Season 1: Bluebeard's Castle","1/6/20"
"You: Season 1: Candace","1/6/20"
"Lost in Space: Season 2: Ninety-Seven","1/6/20"
"Kevin Hart: Don’t F**k This Up: Season 1: This Has to Work","1/6/20"
"You: Season 1: You Got Me, Babe","1/5/20"
"You: Season 1: Everythingship","1/5/20"
"You: Season 1: Amour Fou","1/5/20"
"Messiah: Season 1: The Finger of God","1/4/20"
"Messiah: Season 1: Tremor","1/4/20"
"Messiah: Season 1: He That Hath an Ear","1/4/20"
"You: Season 1: Living with the Enemy","1/4/20"
"You: Season 1: The Captain","1/4/20"
"Kevin Hart: Don’t F**k This Up: Season 1: Bulletproof","1/3/20"
"Kevin Hart: Don’t F**k This Up: Season 1: What Happened in Vegas","1/3/20"
"Kevin Hart: Don’t F**k This Up: Season 1: Don't Be a Bitch","1/3/20"
"Kevin Hart: Don’t F**k This Up: Season 1: 24/Kevin","1/3/20"
"Gilmore Girls: Season 7: French Twist","12/30/19"
"Gilmore Girls: Season 7: Go Bulldogs!","12/30/19"
"Gilmore Girls: Season 7: The Great Stink","12/30/19"
"Gilmore Girls: Season 7: 'S Wonderful, 'S Marvelous","12/28/19"
"Gilmore Girls: Season 7: Lorelai's First Cotillion","12/28/19"
"Gilmore Girls: Season 7: That's What You Get, Folks, For Makin' Whoopie","12/28/19"
"Gilmore Girls: Season 7: The Long Morrow","12/28/19"
"Christmas with the Kranks","12/25/19"
"The Witcher: Season 1: Much More","12/25/19"
"The Witcher: Season 1: Before a Fall","12/25/19"
"The Witcher: Season 1: Rare Species","12/25/19"
"How the Grinch Stole Christmas","12/25/19"
"The Witcher: Season 1: Bottled Appetites","12/25/19"
"The Witcher: Season 1: Of Banquets, Bastards and Burials","12/25/19"
"The Witcher: Season 1: Betrayer Moon","12/25/19"
"The Witcher: Season 1: Four Marks","12/24/19"
"The Witcher: Season 1: The End’s Beginning","12/24/19"
"Gilmore Girls: Season 6: Partings","12/23/19"
"Gilmore Girls: Season 6: Driving Miss Gilmore","12/23/19"
"Gilmore Girls: Season 6: Super Cool Party People","12/23/19"
"Gilmore Girls: Season 6: I Get a Sidekick out of You","12/22/19"
"Unbelievable: Limited Series: Episode 2","12/22/19"
"Unbelievable: Limited Series: Episode 1","12/22/19"
"Klaus","12/22/19"
"Gilmore Girls: Season 6: The Real Paul Anka","12/21/19"
"Gilmore Girls: Season 6: I'm OK, You're OK","12/21/19"
"Gilmore Girls: Season 6: Bridesmaids Revisited","12/21/19"
"Gilmore Girls: Season 6: A Vineyard Valentine","12/21/19"
"Gilmore Girls: Season 6: You've Been Gilmored","12/21/19"
"Gilmore Girls: Season 6: Friday Night's Alright for Fighting","12/21/19"
"Gilmore Girls: Season 6: Just Like Gwen and Gavin","12/19/19"
"Gilmore Girls: Season 6: The Perfect Dress","12/19/19"
"Gilmore Girls: Season 6: He's Slippin' 'Em Bread ... Dig?","12/19/19"
"Gilmore Girls: Season 6: The Prodigal Daughter Returns","12/19/19"
"Gilmore Girls: Season 6: Let Me Hear Your Balalaikas Ringing Out","12/18/19"
"Gilmore Girls: Season 6: Twenty-One is the Loneliest Number","12/17/19"
"Gilmore Girls: Season 6: Welcome to the Dollhouse","12/17/19"
"Gilmore Girls: Season 6: We've Got Magic to Do","12/15/19"
"Gilmore Girls: Season 6: Always a Godmother, Never a God","12/15/19"
"6 Underground","12/15/19"
"Gilmore Girls: Season 6: The Ungraduate","12/14/19"
"Gilmore Girls: Season 6: Fight Face","12/14/19"
"Gilmore Girls: Season 6: New and Improved Lorelai","12/14/19"
"Gilmore Girls: Season 5: A House is Not a Home","12/14/19"
"Gilmore Girls: Season 5: Blame Booze and Melville","12/13/19"
"Gilmore Girls: Season 5: How Many Kropogs to Cape Cod?","12/13/19"
"Gilmore Girls: Season 5: But I'm a Gilmore","12/12/19"
"Gilmore Girls: Season 5: To Live and Let Diorama","12/12/19"
"Gilmore Girls: Season 5: Pulp Friction","12/11/19"
"Gilmore Girls: Season 5: So...Good Talk","12/11/19"
"Gilmore Girls: Season 5: Jews and Chinese Food","12/10/19"
"Gilmore Girls: Season 5: Say Something","12/10/19"
"Gilmore Girls: Season 5: Wedding Bell Blues","12/10/19"
"Gilmore Girls: Season 5: Come Home","12/10/19"
"Gilmore Girls: Season 5: Women of Questionable Morals","12/10/19"
"Gilmore Girls: Season 5: But Not As Cute As Pushkin","12/9/19"
"Gilmore Girls: Season 5: Emily Says 'Hello'","12/9/19"
"Gilmore Girls: Season 5: The Party's Over","12/9/19"
"Gilmore Girls: Season 5: You Jump, I Jump, Jack","12/9/19"
"Gilmore Girls: Season 5: Norman Mailer, I'm Pregnant","12/9/19"
"Gilmore Girls: Season 5: We Got Us a Pippi Virgin","12/9/19"
"Gilmore Girls: Season 5: Tippecanoe and Taylor, Too","12/9/19"
"Gilmore Girls: Season 5: Written in the Stars","12/9/19"
"Gilmore Girls: Season 5: A Messenger, Nothing More","12/8/19"
"Gilmore Girls: Season 5: Say Goodbye to Daisy Miller","12/8/19"
"Gilmore Girls: Season 4: Raincoats & Recipes","12/7/19"
"Gilmore Girls: Season 4: Last Week Fights, This Week Tights","12/7/19"
"Gilmore Girls: Season 4: Luke Can See Her Face","12/7/19"
"Gilmore Girls: Season 4: Afterboom","12/6/19"
"Gilmore Girls: Season 4: Tick, Tick, Tick Boom","12/5/19"
"Gilmore Girls: Season 4: Girls in Bikinis, Boys Doin' the Twist","12/5/19"
"Gilmore Girls: Season 4: The Reigning Lorelai","12/5/19"
"Gilmore Girls: Season 4: Scene in a Mall","12/4/19"
"Gilmore Girls: Season 4: The Incredible Sinking Lorelais","12/4/19"
"Gilmore Girls: Season 4: Nag Hammadi Is Where They Found the Gnostic Gospels","12/3/19"
"Gilmore Girls: Season 4: A Family Matter","12/3/19"
"Gilmore Girls: Season 4: In the Clamor and the Clangor","12/2/19"
"Gilmore Girls: Season 4: The Nanny and the Professor","12/2/19"
"Gilmore Girls: Season 4: Ted Koppel's Big Night Out","12/2/19"
"Gilmore Girls: Season 4: Die, Jerk","12/2/19"
"Gilmore Girls: Season 4: The Festival of Living Art","12/2/19"
"Gilmore Girls: Season 4: An Affair to Remember","12/2/19"
"Gilmore Girls: Season 4: The Fundamental Things Apply","12/2/19"
"Gilmore Girls: Season 4: Chicken or Beef?","12/1/19"
"Gilmore Girls: Season 4: The Hobbit, the Sofa and Digger Stiles","11/30/19"
"Gilmore Girls: Season 4: The Lorelais' First Day at Yale","11/30/19"
"Gilmore Girls: Season 4: Ballrooms & Biscotti","11/30/19"
"Gilmore Girls: Season 3: Those Are Strings, Pinocchio","11/30/19"
"The Irishman","11/29/19"
"Gilmore Girls: Season 3: Here Comes the Son","11/28/19"
"Gilmore Girls: Season 3: Say Goodnight, Gracie","11/28/19"
"Gilmore Girls: Season 3: Keg! Max!","11/28/19"
"Gilmore Girls: Season 3: Happy Birthday, Baby","11/27/19"
"Gilmore Girls: Season 3: A Tale of Poes and Fire","11/27/19"
"Gilmore Girls: Season 3: The Big One","11/26/19"
"Gilmore Girls: Season 3: Face-Off","11/26/19"
"Gilmore Girls: Season 3: Swan Song","11/26/19"
"Gilmore Girls: Season 3: Dear Emily and Richard","11/26/19"
"Gilmore Girls: Season 3: Lorelai Out of Water","11/25/19"
"Gilmore Girls: Season 3: I Solemnly Swear...","11/25/19"
"Gilmore Girls: Season 3: That'll Do, Pig","11/25/19"
"Gilmore Girls: Season 3: A Deep-Fried Korean Thanksgiving","11/24/19"
"Gilmore Girls: Season 3: Let the Games Begin","11/24/19"
"Gilmore Girls: Season 3: They Shoot Gilmores, Don't They?","11/24/19"
"Gilmore Girls: Season 3: Take the Deviled Eggs...","11/22/19"
"Gilmore Girls: Season 3: Eight O'Clock at the Oasis","11/22/19"
"Gilmore Girls: Season 3: One's Got Class and the Other One Dyes","11/21/19"
"Gilmore Girls: Season 3: Application Anxiety","11/21/19"
"Gilmore Girls: Season 3: Haunted Leg","11/21/19"
"Gilmore Girls: Season 3: Lazy-Hazy-Crazy Days","11/21/19"
"Gilmore Girls: Season 2: I Can't Get Started","11/21/19"
"Gilmore Girls: Season 2: Lorelai's Graduation Day","11/21/19"
"Gilmore Girls: Season 2: Help Wanted","11/20/19"
"Gilmore Girls: Season 2: Teach Me Tonight","11/20/19"
"Gossip Girl: Season 1: Poison Ivy","11/19/19"
"Gossip Girl: Season 1: The Wild Brunch","11/19/19"
"Gilmore Girls: Season 2: Back in the Saddle Again","11/18/19"
"Gilmore Girls: Season 2: Dead Uncles & Vegetables","11/18/19"
"Gilmore Girls: Season 2: There's the Rub","11/18/19"
"Gilmore Girls: Season 2: Lost & Found","11/18/19"
"Gilmore Girls: Season 2: It Should've Been Lorelai","11/18/19"
"Gilmore Girls: Season 2: A-Tisket, A-Tasket","11/18/19"
"Gilmore Girls: Season 2: Richard in Stars Hollow","11/17/19"
"Gilmore Girls: Season 2: Secrets and Loans","11/17/19"
"Gilmore Girls: Season 2: The Bracebridge Dinner","11/17/19"
"Gilmore Girls: Season 2: Run Away Little Boy","11/16/19"
"Gilmore Girls: Season 2: The Ins & Outs of Inns","11/16/19"
"Gilmore Girls: Season 2: Like Mother, Like Daughter","11/16/19"
"Gilmore Girls: Season 2: Presenting Lorelai Gilmore","11/14/19"
"Gilmore Girls: Season 2: Nick & Nora/Sid & Nancy","11/14/19"
"Gossip Girl: Season 1: Pilot","11/13/19"
"Gilmore Girls: Season 2: The Road Trip to Harvard","11/13/19"
"Gilmore Girls: Season 2: Red Light on the Wedding Night","11/13/19"
"Gilmore Girls: Season 2: Hammers and Veils","11/13/19"
"Gilmore Girls: Season 2: Sadie, Sadie...","11/13/19"
"Gilmore Girls: Season 1: Love, Daisies and Troubadours","11/13/19"
"Gilmore Girls: Season 1: P.S. I Lo...","11/12/19"
"Gilmore Girls: Season 1: Emily in Wonderland","11/12/19"
"Gilmore Girls: Season 1: The Third Lorelai","11/12/19"
"Gilmore Girls: Season 1: The Breakup, Part II","11/11/19"
"Gilmore Girls: Season 1: Star-Crossed Lovers and Other Strangers","11/11/19"
"Gilmore Girls: Season 1: Christopher Returns","11/11/19"
"Gilmore Girls: Season 1: That Damn Donna Reed","11/11/19"
"Gilmore Girls: Season 1: Concert Interruptus","11/11/19"
"Gilmore Girls: Season 1: Double Date","11/11/19"
"Gilmore Girls: Season 1: Paris is Burning","11/10/19"
"Gilmore Girls: Season 1: Forgiveness and Stuff","11/8/19"
"Gilmore Girls: Season 1: Rory's Dance","11/5/19"
"Gilmore Girls: Season 1: Love & War & Snow","11/5/19"
"Gilmore Girls: Season 1: Kiss and Tell","11/5/19"
"Gilmore Girls: Season 1: Rory's Birthday Parties","11/5/19"
"Gilmore Girls: Season 1: Cinnamon's Wake","11/5/19"
"Gilmore Girls: Season 1: The Deer Hunters","11/4/19"
"Gilmore Girls: Season 1: Kill Me Now","11/4/19"
"Gilmore Girls: Season 1: The Lorelais' First Day at Chilton","11/4/19"
"Gilmore Girls: Season 1: Pilot","11/2/19"
"Charmed: Season 3: Magic Hour","11/1/19"
"Charmed: Season 3: The Honeymoon's Over","11/1/19"
"Charmed: Season 2: Be Careful What You Witch For","10/30/19"
"Charmed: Season 2: Apocalypse, Not","10/30/19"
"Charmed: Season 2: Astral Monkey","10/29/19"
"Charmed: Season 2: Ex Libris","10/29/19"
"Charmed: Season 2: Chick Flick","10/27/19"
"Charmed: Season 2: How to Make a Quilt Out of Americans","10/26/19"
"Charmed: Season 2: Murphy's Luck","10/26/19"
"Charmed: Season 2: Give Me a Sign","10/26/19"
"Charmed: Season 2: Pardon My Past","10/26/19"
"Charmed: Season 2: Animal Pragmatism","10/25/19"
"Charmed: Season 2: Awakened","10/25/19"
"Charmed: Season 2: Reckless Abandon","10/24/19"
"Charmed: Season 2: Heartbreak City","10/23/19"
"Charmed: Season 2: Ms. Hellfire","10/23/19"
"Charmed: Season 2: P3 H2O","10/23/19"
"Charmed: Season 2: They're Everywhere","10/23/19"
"Charmed: Season 2: That Old Black Magic","10/23/19"
"Charmed: Season 2: She's a Man, Baby, a Man!","10/23/19"
"Charmed: Season 2: The Devil's Music","10/22/19"
"Charmed: Season 2: The Painted World","10/22/19"
"Charmed: Season 2: Morality Bites","10/22/19"
"Charmed: Season 2: Witch Trial","10/22/19"
"Charmed: Season 1: Déjà Vu All Over Again","10/21/19"
"Charmed: Season 1: Love Hurts","10/21/19"
"Charmed: Season 1: The Power of Two","10/21/19"
"Charmed: Season 1: Out of Sight","10/19/19"
"Charmed: Season 1: When Bad Warlocks Go Good","10/18/19"
"Charmed: Season 1: That '70s Episode","10/18/19"
"Charmed: Season 1: Which Prue Is It, Anyway?","10/18/19"
"Charmed: Season 1: Is There a Woogy in the House?","10/17/19"
"Charmed: Season 1: Secrets and Guys","10/17/19"
"Charmed: Season 1: From Fear to Eternity","10/17/19"
"Charmed: Season 1: The Wendigo","10/17/19"
"Charmed: Season 1: Feats of Clay","10/16/19"
"Charmed: Season 1: Wicca Envy","10/16/19"
"Charmed: Season 1: The Witch Is Back","10/16/19"
"Charmed: Season 1: The Truth Is Out There... and It Hurts","10/16/19"
"Charmed: Season 1: The Fourth Sister","10/16/19"
"Charmed: Season 1: The Wedding from Hell","10/16/19"
"Charmed: Season 1: Dream Sorcerer","10/15/19"
"Charmed: Season 1: Dead Man Dating","10/15/19"
"Charmed: Season 1: Thank You for Not Morphing","10/15/19"
"Charmed: Season 1: I've Got You Under My Skin","10/15/19"
"Charmed: Season 1: Something Wicca This Way Comes","10/15/19"
"Friends: Season 10: The Last One: Part 1 & Part 2","10/15/19"
"Friends: Season 10: The One with Rachel's Going Away Party","10/14/19"
"Friends: Season 10: The One Where Estelle Dies","10/14/19"
"Friends: Season 10: The One with Princess Consuela","10/14/19"
"Friends: Season 10: The One Where Joey Speaks French","10/14/19"
"Friends: Season 10: The One with Phoebe's Wedding","10/14/19"
"Friends: Season 10: The One Where the Stripper Cries","10/11/19"
"Friends: Season 10: The One Where Chandler Gets Caught","10/11/19"
"Rhythm + Flow: Season 1: New York Auditions","10/10/19"
"Rhythm + Flow: Season 1: Los Angeles Auditions","10/10/19"
"Friends: Season 10: The One with the Birth Mother","10/8/19"
"Friends: Season 10: The One with the Late Thanksgiving","10/8/19"
"Friends: Season 10: The One with The Home Study","10/8/19"
"Friends: Season 10: The One with Ross's Grant","10/8/19"
"Friends: Season 10: The One Where Rachel's Sister Babysits","10/8/19"
"Friends: Season 10: The One with the Cake","10/8/19"
"Friends: Season 10: The One with Ross's Tan","10/8/19"
"Friends: Season 10: The One Where Ross Is Fine","10/4/19"
"Friends: Season 10: The One After Joey and Rachel Kiss","10/4/19"
"Friends: Season 9: The One in Barbados: Part 2","10/4/19"
"Friends: Season 9: The One in Barbados: Part 1","10/4/19"
"Friends: Season 9: The One with the Donor","10/3/19"
"Friends: Season 9: The One with the Fertility Test","10/3/19"
"Friends: Season 9: The One with the Soap Opera Party","10/3/19"
"Friends: Season 9: The One with Rachel's Dream","10/3/19"
"Friends: Season 9: The One with the Lottery","10/3/19"
"Friends: Season 9: The One with the Memorial Service","10/3/19"
"Friends: Season 9: The One with the Boob Job","10/2/19"
"Friends: Season 9: The One with the Mugging","10/2/19"
"Friends: Season 9: The One with the Blind Dates","10/2/19"
"Friends: Season 9: The One Where Monica Sings","10/2/19"
"Friends: Season 9: The One with Phoebe's Rats","10/1/19"
"Friends: Season 9: The One Where Rachel Goes Back to Work","10/1/19"
"Friends: Season 9: The One with Christmas in Tulsa","9/28/19"
"Friends: Season 9: The One with Rachel's Phone Number","9/28/19"
"Friends: Season 9: The One with Rachel's Other Sister","9/27/19"
"Friends: Season 9: The One with Ross' Inappropriate Song","9/27/19"
"Friends: Season 9: The One with the Male Nanny","9/27/19"
"Friends: Season 9: The One with Phoebe's Birthday Dinner","9/27/19"
"Friends: Season 9: The One with the Sharks","9/26/19"
"Friends: Season 9: The One with the Pediatrician","9/26/19"
"Friends: Season 9: The One Where Emma Cries","9/25/19"
"Friends: Season 9: The One Where No One Proposes","9/24/19"
"Friends: Season 8: The One Where Rachel Has a Baby: Part 2","9/24/19"
"Friends: Season 8: The One Where Rachel Has a Baby: Part 1","9/24/19"
"Friends: Season 8: The One Where Rachel Is Late","9/23/19"
"Friends: Season 8: The One with the Cooking Class","9/23/19"
"Friends: Season 8: The One with the Baby Shower","9/23/19"
"Friends: Season 8: The One with Joey's Interview","9/23/19"
"Friends: Season 8: The One in Massapequa","9/23/19"
"Friends: Season 8: The One with the Tea Leaves","9/23/19"
"Friends: Season 1: The One Where Monica Gets a Roommate (Pilot)","9/23/19"
